﻿<?xml version="1.0" encoding="utf-8"?><DefPackage-SoundDef>

  <SoundDef>
    <defName>Fluffy_DomesticCat_Angry</defName>  
    <eventNames>
      <li>Fluffy_Pawn_Cat_Angry</li>
    </eventNames>  
    <maxVoices>1</maxVoices>  
    <maxSimultaneous>2</maxSimultaneous>  
    <subSounds>
      <li>
        <grains>
          <li Class="AudioGrain_Clip">
            <clipPath>DomesticCat/angry1</clipPath>
          </li>        
          <li Class="AudioGrain_Clip">
            <clipPath>DomesticCat/angry2</clipPath>
          </li>
        </grains>      
        <volumeRange>
          <min>15</min>        
          <max>20</max>
        </volumeRange>
      </li>    
      <li>
        <grains>
          <li Class="AudioGrain_Clip">
            <clipPath>DomesticCat/angry3</clipPath>
          </li>
        </grains>      
        <volumeRange>
          <min>70</min>        
          <max>70</max>
        </volumeRange>
      </li>
    </subSounds>
  </SoundDef>

  <SoundDef>
    <defName>Fluffy_DomesticCat_Call</defName>  
    <eventNames>
      <li>Fluffy_Pawn_Cat_Call</li>
    </eventNames>  
    <subSounds>
      <li>
        <grains>
          <li Class="AudioGrain_Clip">
            <clipPath>DomesticCat/call1</clipPath>
          </li>        
          <li Class="AudioGrain_Clip">
            <clipPath>DomesticCat/call2</clipPath>
          </li>        
          <li Class="AudioGrain_Clip">
            <clipPath>DomesticCat/call3</clipPath>
          </li>
        </grains>      
        <volumeRange>
          <min>25</min>        
          <max>35</max>
        </volumeRange>
      </li>    
      <li>
        <grains>
          <li Class="AudioGrain_Clip">
            <clipPath>DomesticCat/call4</clipPath>
          </li>
        </grains>
      </li>
    </subSounds>
  </SoundDef>

  <SoundDef>
    <defName>Fluffy_DomesticCat_Death</defName>  
    <eventNames>
      <li>Fluffy_Pawn_Cat_Death</li>
    </eventNames>  
    <subSounds>
      <li>
        <grains>
          <li Class="AudioGrain_Clip">
            <clipPath>DomesticCat/death1</clipPath>
          </li>        
          <li Class="AudioGrain_Clip">
            <clipPath>DomesticCat/death2</clipPath>
          </li>
        </grains>
      </li>
    </subSounds>
  </SoundDef>

  <SoundDef>
    <defName>Fluffy_DomesticCat_Hurt</defName>  
    <eventNames>
      <li>Fluffy_Pawn_Cat_Hurt</li>
    </eventNames>  
    <subSounds>
      <li>
        <grains>
          <li Class="AudioGrain_Clip">
            <clipPath>DomesticCat/hurt1</clipPath>
          </li>        
          <li Class="AudioGrain_Clip">
            <clipPath>DomesticCat/hurt2</clipPath>
          </li>        
          <li Class="AudioGrain_Clip">
            <clipPath>DomesticCat/hurt3</clipPath>
          </li>
        </grains>
      </li>
    </subSounds>
  </SoundDef>

</DefPackage-SoundDef>