<?xml version="1.0" encoding="utf-8" ?>
<Defs>

	<PawnKindDef Name="AnimalBase" Abstract="True">
	</PawnKindDef>

	<PawnKindDef ParentName="AnimalBase">
		<defName>Fluffy_MiniMaineCoon</defName>
		<label>miniature Maine Coon</label>
		<race>Fluffy_DomesticCat</race>
		<combatPower>25</combatPower>
		<lifeStages>
			<li>
				<label>miniature Maine Coon Kitten</label>
				<bodyGraphicData>
					<texPath>DomesticCat/MaineCoon</texPath>
					<drawSize>.3</drawSize>
					<color>(255,255,255)</color>
				</bodyGraphicData>
				<dessicatedBodyGraphicData>
					<texPath>Things/Pawn/Animal/CritterDessicatedSmall</texPath>
					<drawSize>.3</drawSize>
				</dessicatedBodyGraphicData>
			</li>
			<li>
				<bodyGraphicData>
					<texPath>DomesticCat/MaineCoon</texPath>
					<drawSize>.6</drawSize>
					<color>(255,255,255)</color>
					<shadowData>
						<volume>(0.25, 0.3, 0.25)</volume>
						<offset>(0,0,-0.15)</offset>
					</shadowData>
				</bodyGraphicData>
				<dessicatedBodyGraphicData>
					<texPath>Things/Pawn/Animal/CritterDessicatedSmall</texPath>
					<drawSize>.4</drawSize>
				</dessicatedBodyGraphicData>
			</li>
			<li>
				<bodyGraphicData>
					<texPath>DomesticCat/MaineCoon</texPath>
					<drawSize>.75</drawSize>
					<color>(255,255,255)</color>
					<shadowData>
						<volume>(0.3, 0.4, 0.3)</volume>
						<offset>(0,0,-0.15)</offset>
					</shadowData>
				</bodyGraphicData>
				<dessicatedBodyGraphicData>
					<texPath>Things/Pawn/Animal/CritterDessicatedSmall</texPath>
					<drawSize>.4</drawSize>
				</dessicatedBodyGraphicData>
			</li>
		</lifeStages>
		<wildSpawn_spawnWild>false</wildSpawn_spawnWild>
	</PawnKindDef>

		<PawnKindDef ParentName="AnimalBase">
		<defName>Fluffy_MaineCoon</defName>
		<label>Maine Coon</label>
		<race>Fluffy_DomesticCat</race>
		<combatPower>50</combatPower>
		<lifeStages>
			<li>
				<label>Maine Coon Kitten</label>
				<bodyGraphicData>
					<texPath>DomesticCat/MaineCoon</texPath>
					<drawSize>.4</drawSize>
					<color>(255,255,255)</color>
				</bodyGraphicData>
				<dessicatedBodyGraphicData>
					<texPath>Things/Pawn/Animal/CritterDessicatedSmall</texPath>
					<drawSize>.3</drawSize>
				</dessicatedBodyGraphicData>
			</li>
			<li>
				<bodyGraphicData>
					<texPath>DomesticCat/MaineCoon</texPath>
					<drawSize>.8</drawSize>
					<color>(255,255,255)</color>
					<shadowData>
						<volume>(0.25, 0.3, 0.25)</volume>
						<offset>(0,0,-0.15)</offset>
					</shadowData>
				</bodyGraphicData>
				<dessicatedBodyGraphicData>
					<texPath>Things/Pawn/Animal/CritterDessicatedSmall</texPath>
					<drawSize>.7</drawSize>
				</dessicatedBodyGraphicData>
			</li>
			<li>
				<bodyGraphicData>
					<texPath>DomesticCat/MaineCoon</texPath>
					<drawSize>1</drawSize>
					<color>(255,255,255)</color>
					<shadowData>
						<volume>(0.3, 0.4, 0.3)</volume>
						<offset>(0,0,-0.15)</offset>
					</shadowData>
				</bodyGraphicData>
				<dessicatedBodyGraphicData>
					<texPath>Things/Pawn/Animal/CritterDessicatedSmall</texPath>
					<drawSize>.9</drawSize>
				</dessicatedBodyGraphicData>
			</li>
		</lifeStages>
		<wildSpawn_spawnWild>false</wildSpawn_spawnWild>
	</PawnKindDef>

</Defs>
